{"Mods":[{"Author":"Halser + MycroftJr","Name":"Sit This One Out 2","Folder":"Sit This One Out","Version":"72479806502993922","Description":"Lets you pick which party members participate in combat, ideal for using large party mods to see character interactions while maintaining challenge or challenging yourself in solo runs.","UUID":"d4fd8871-1593-4099-900e-b47fedc91578","Created":"2024-10-01T23:28:59.9167884-07:00","Dependencies":[],"Group":"2c2fa60f-dc73-43dd-8f00-9badcfe3f51b"}],"MD5":"30ce2c5634185b0da592d65c8bfa0fe0"}