{"Mods":[{"Author":"","Name":"GustavDev","Folder":"GustavDev","Version":"145241130939120737","Description":"","UUID":"28ac9ce2-2aba-8cda-b3b5-6e922f71b6b8","Created":"2025-04-15T16:39:12.2454074+02:00","Dependencies":[],"Group":"ceea9156-3bc4-4b39-b6a1-8167e644ec4b"},{"Author":"","Name":"GustavX","Folder":"GustavX","Version":"145241152413957217","Description":"","UUID":"cb555efe-2d9e-131f-8195-a89329d218ea","Created":"2025-04-15T16:39:12.2454074+02:00","Dependencies":[],"Group":"ceea9156-3bc4-4b39-b6a1-8167e644ec4b"},{"Author":"","Name":"HonourX","Folder":"HonourX","Version":"36028797025713249","Description":"","UUID":"767d0062-d82c-279c-e16b-dfee7fe94cdd","Created":"2025-04-15T16:39:12.2454074+02:00","Dependencies":[],"Group":"ceea9156-3bc4-4b39-b6a1-8167e644ec4b"},{"Author":"Sildur","Name":"Party Limit Begone","Folder":"PartyLimitBegone","Version":"73042756456415232","Description":"Sets the party limit to 16.","UUID":"1d6c4030-67b9-4b0a-b3ab-caf6dd73d1af","Created":"2025-04-15T16:39:12.2454074+02:00","Dependencies":[],"Group":"ceea9156-3bc4-4b39-b6a1-8167e644ec4b"},{"Author":"","Name":"PhotoMode","Folder":"PhotoMode","Version":"36028797018963968","Description":"","UUID":"55ef175c-59e3-b44b-3fb2-8f86acc5d550","Created":"2025-04-15T16:39:12.2454074+02:00","Dependencies":[],"Group":"ceea9156-3bc4-4b39-b6a1-8167e644ec4b"}],"MD5":"ccd81a8750b4499ac7eb814c323b7e08"}